Call_number,Contributors,Date_text,Date,Digitized,Set,Genre,Id,IIIF_manifest,Preview_url,Index,Type_of_resource,MODS Record,MARC Record,Dublin Core Record,MARCXML Record,Rights,Source_collection,Language,Lccn,Medium,Mime_type,Notes,Online_format,Original_format,Part_of,Repository,Number_of_files,Shelf_id,Subjects,Last_updated_in_api,Title,Url,Creators_names,Creators_roles,Location_text,Subject_headings,Location_Short_name,Location_Full_name,Location_Osm_url,Location_Latitude,Location_Longitude,Location_County,Location_State_district,Location_State,Location_Country,Description,Other_title,METSXML Record
LC-F8- 19031 [P&P],Unknown,[19]22 May 31.,1922,TRUE,Tennis,Glass negatives,http://www.loc.gov/item/2016832837/,http://www.loc.gov/item/2016832837/manifest.json,https://tile.loc.gov/storage-services/service/pnp/npcc/06400/06492_150px.jpg#h=122&w=150 | https://tile.loc.gov/storage-services/service/pnp/npcc/06400/06492t.gif#h=122&w=150 | https://tile.loc.gov/storage-services/service/pnp/npcc/06400/06492v.jpg#h=834&w=1024 | https://tile.loc.gov/storage-services/service/pnp/npcc/06400/06492r.jpg#h=521&w=640,1,Still image,https://lccn.loc.gov/2016832837/mods,//www.loc.gov/pictures/item/2016832837/marc/,https://lccn.loc.gov/2016832837/dc,https://lccn.loc.gov/2016832837/marcxml,"No known restrictions on publication. For more information, see National Photo Company Collection - Rights and Restrictions Information https://www.loc.gov/rr/print/res/275_npco.html | <p>The Library of Congress does not&nbsp;own rights to material  in its collections. Therefore, it does not license or charge permission fees  for use of such material and cannot grant or deny permission to publish or  otherwise distribute the material. </p> <p>Ultimately, it is the researcher's obligation to assess copyright or other use restrictions and  obtain permission from third parties when necessary before publishing or  otherwise distributing materials found in the Library's collections. </p> <p>For information about reproducing,  publishing, and citing material from this collection, as well as access to the  original items, see: <a href=""//www.loc.gov/rr/print/res/275_npco.html"">National Photo Company Collection - Rights and Restrictions Information</a> </p>   ",National Photo Company Collection (Library of Congress),English,2016832837,1 negative : glass ; 4 x 5 in. or smaller,image/jpg | image/gif | image/tif,Temp. note: Batch two. | General information about the National Photo Company collection is available at http://hdl.loc.gov/loc.pnp/pp.npco | This glass negative might show streaks and other blemishes resulting from a natural deterioration in the original coatings. | Title devised by Library staff. | Gift; Herbert A. French; 1947.,Image,"Photo, print, drawing",national photo company collection | prints and photographs division | catalog,"Library of Congress Prints and Photographs Division Washington, D.C. 20540 USA http://hdl.loc.gov/loc.pnp/pp.print",1,LC-F8- 19031 [P&P],glass negatives,2021-09-04T14:10:37.158Z,"[Four unidentified women on tennis court], 5/31/22",https://www.loc.gov/item/2016832837/,,,,,,,,,,,,,,,,
LC-USW3- 003685-E [P&P],"Collins, Marjory, 1912-1985, photographer.",1942 May-June.,1942,TRUE,Athletes,Nitrate negatives,http://www.loc.gov/item/2017832209/,http://www.loc.gov/item/2017832209/manifest.json,https://tile.loc.gov/storage-services/service/pnp/fsa/8d21000/8d21100/8d21117r.jpg#h=640&w=620 | https://tile.loc.gov/storage-services/service/pnp/fsa/8d21000/8d21100/8d21117_150px.jpg#h=150&w=145 | https://tile.loc.gov/storage-services/service/pnp/fsa/8d21000/8d21100/8d21117v.jpg#h=1024&w=991 | https://tile.loc.gov/storage-services/service/pnp/fsa/8d21000/8d21100/8d21117t.gif#h=150&w=144,1,Still image,https://lccn.loc.gov/2017832209/mods,https://www.loc.gov/pictures/item/2017832209/marc/,https://lccn.loc.gov/2017832209/dc,https://lccn.loc.gov/2017832209/marcxml,"<p>The contents of the Library of Congress Farm Security Administration/Office of War Information Black-and-White Negatives are in the public domain and are free to use and reuse.</p>  <p> Credit Line: Library of Congress, Prints &amp; Photographs Division, Farm Security Administration/Office of War Information Black-and-White Negatives.</p>  <p>For information about reproducing, publishing, and citing material from this collection, as well as access to the original items, see: <a href=""https://www.loc.gov/rr/print/res/071_fsab.html"">U.S. Farm Security Administration/Office of War Information Black &amp; White Photographs - Rights and Restrictions Information</a>  </p>  <p>More about <a href=""/legal/"">Copyright and other Restrictions</a> </p>  <p>For guidance about compiling full citations consult <a href=""https://www.loc.gov/teachers/usingprimarysources/citing.html"">Citing Primary Sources</a>.</p> | No known restrictions. For information, see U.S. Farm Security Administration/Office of War Information Black & White Photographs https://www.loc.gov/rr/print/res/071_fsab.html",Farm Security Administration - Office of War Information photograph collection (Library of Congress),English,2017832209,1 negative : nitrate ; 2 1/4 x 2 1/4 inches or smaller.,image/jpg | image/gif | image/tif,"Appears to be related to negative LC-USW3-003687-E https://www.loc.gov/pictures/item/2017832211/ | Temp. note: owibatch1 | Film copy on SIS roll 10, frame 1082. | Title and other information from a possibly related negative. Image came to Library of Congress untitled. (There was no caption for this image in the FSA/OWI shelflist.) | More information about the FSA/OWI Collection is available at http://hdl.loc.gov/loc.pnp/pp.fsaowi | Transfer; United States. Office of War Information. Overseas Picture Division. Washington Division; 1944.",Image,"Photo, print, drawing",prints and photographs division | catalog | american memory | farm security administration/office of war information black-and-white negatives,"Library of Congress Prints and Photographs Division Washington, D.C. 20540 USA http://hdl.loc.gov/loc.pnp/pp.print",1,LC-USW3- 003685-E [P&P],nitrate negatives | greenbelt | maryland | united states | prince george's county,2021-09-04T15:49:41.467Z,"[Untitled photo, possibly related to: Greenbelt, Maryland. Handball courts behind the swimming pool]",https://www.loc.gov/item/2017832209/,"Collins, Marjory, 1912-1985",photographer,Prince George'S County | Maryland--Prince George's County--Greenbelt | Maryland | United States | Greenbelt,United States--Maryland--Prince George's County--Greenbelt,Prince George's County | Maryland | Greenbelt | United States,"Prince George's County, Maryland, United States | Maryland, United States | Greenbelt, Mandan Road, Glen Oaks Apartments, Greenbelt, Prince George's County, Maryland, 20070, United States | United States",https://www.openstreetmap.org/relation/936412 | https://www.openstreetmap.org/relation/162112 | https://www.openstreetmap.org/relation/133737 | https://www.openstreetmap.org/relation/148838,38.803929 | 39.5162401 | 38.9933654 | 39.7837304,-76.8518695 | -76.9382069 | -76.88333238304114 | -100.445882,Prince George's County | Unknown | Prince George's County | Unknown,Unknown | Unknown | Unknown | Unknown,Maryland | Maryland | Maryland | Unknown,United States | United States | United States | United States,,,
G3200 1811 .V2,"Van Schaack, Mary.",,1811,TRUE,Discovery-And-Exploration,,http://www.loc.gov/item/99463788/,http://www.loc.gov/item/99463788/manifest.json,https://tile.loc.gov/storage-services/service/gmd/gmd3/g3200/g3200/awh00011.gif | https://tile.loc.gov/storage-services/service/gmd/gmd3/g3200/g3200/awh00011.gif#h=150&w=275 | https://tile.loc.gov/image-services/iiif/service:gmd:gmd3:g3200:g3200:awh00011/full/pct:12.5/0/default.jpg#h=236&w=432 | https://tile.loc.gov/image-services/iiif/service:gmd:gmd3:g3200:g3200:awh00011/full/pct:25/0/default.jpg#h=472&w=865,1,Cartographic,https://lccn.loc.gov/99463788/mods,,https://lccn.loc.gov/99463788/dc,https://lccn.loc.gov/99463788/marcxml,"<p>The maps in the Map Collections materials were either published prior to  1922, produced by the United States government, or both (see catalogue  records that accompany each map for information regarding date of  publication and source). The Library of Congress is providing access to  these materials for educational and research purposes and is not aware of  any U.S. copyright protection (see Title 17 of the United States Code) or any  other restrictions in the Map Collection materials. </p> <p>Note that the written permission of the copyright owners and/or other rights  holders (such as publicity and/or privacy rights) is required for distribution,  reproduction, or other use of protected items beyond that allowed by fair use  or other statutory exemptions.  Responsibility for making an independent  legal assessment of an item and securing any necessary permissions  ultimately rests with persons desiring to use the item. </p> <p>Credit Line: Library of Congress, Geography and Map Division. </p>",,English,99463788,"1 map : ms., col. ; 2 hemispheres each 32 cm. in diam., on sheet 40 x 68 cm.",image/tiff | image/gif | image/jpeg | image/jp2,Pen-and-ink and watercolor. | Available also through the Library of Congress Web site as a raster image. | Vault | Acquisitions control no. 99-42,Image,Map,geography and map division | american women: a gateway to library of congress resources for the study of women's history and culture in the united states | american memory | discovery and exploration | catalog,"Library of Congress Geography and Map Division Washington, D.C. 20540-4650 USA dcu",2,G3200 1811 .V2,"earth | world maps, manuscript",2021-11-18T16:21:03.623Z,Map of the world with the most recent discoveries.,https://www.loc.gov/item/99463788/,,,Earth,"Earth | World maps, Manuscript",Earth,"Earth, Lamb County, Texas, United States",https://www.openstreetmap.org/relation/6595891,34.2331373,-102.4107493,Lamb County,Unknown,Texas,United States,,,
LC-USW3- 014844-C [P&P] LOT 682 (associated LOT),"Parks, Gordon, 1912-2006, photographer.",1943 Jan.,1943,TRUE,Teachers-And-Students,Safety film negatives,http://www.loc.gov/item/2017843211/,http://www.loc.gov/item/2017843211/manifest.json,https://tile.loc.gov/storage-services/service/pnp/fsa/8d12000/8d12500/8d12511r.jpg#h=640&w=542 | https://tile.loc.gov/storage-services/service/pnp/fsa/8d12000/8d12500/8d12511t.gif#h=150&w=127 | https://tile.loc.gov/storage-services/service/pnp/fsa/8d12000/8d12500/8d12511v.jpg#h=1024&w=867 | https://tile.loc.gov/storage-services/service/pnp/fsa/8d12000/8d12500/8d12511_150px.jpg#h=150&w=127,1,Still image,https://lccn.loc.gov/2017843211/mods,//www.loc.gov/pictures/item/2017843211/marc/,https://lccn.loc.gov/2017843211/dc,https://lccn.loc.gov/2017843211/marcxml,"<p>The contents of the Library of Congress Farm Security Administration/Office of War Information Black-and-White Negatives are in the public domain and are free to use and reuse.</p>  <p> Credit Line: Library of Congress, Prints &amp; Photographs Division, Farm Security Administration/Office of War Information Black-and-White Negatives.</p>  <p>For information about reproducing, publishing, and citing material from this collection, as well as access to the original items, see: <a href=""https://www.loc.gov/rr/print/res/071_fsab.html"">U.S. Farm Security Administration/Office of War Information Black &amp; White Photographs - Rights and Restrictions Information</a>  </p>  <p>More about <a href=""/legal/"">Copyright and other Restrictions</a> </p>  <p>For guidance about compiling full citations consult <a href=""https://www.loc.gov/teachers/usingprimarysources/citing.html"">Citing Primary Sources</a>.</p> | No known restrictions. For information, see U.S. Farm Security Administration/Office of War Information Black & White Photographs https://www.loc.gov/rr/print/res/071_fsab.html",Farm Security Administration - Office of War Information photograph collection (Library of Congress),English,2017843211,1 negative : safety ; 4 x 5 inches or smaller.,image/jpg | image/gif | image/tif,"Temp. note: owibatch3 | Title and other information from print in lot. | More information about the FSA/OWI Collection is available at http://hdl.loc.gov/loc.pnp/pp.fsaowi | Film copy on SIS roll 5, frame 1994. | Transfer; United States. Office of War Information. Overseas Picture Division. Washington Division; 1944.",Image,"Photo, print, drawing",prints and photographs division | lot 682 | american memory | farm security administration/office of war information black-and-white negatives | catalog,"Library of Congress Prints and Photographs Division Washington, D.C. 20540 USA http://hdl.loc.gov/loc.pnp/pp.print",1,LC-USW3- 014844-C [P&P] LOT 682 (associated LOT),safety film negatives | united states | florida | daytona beach | volusia county,2021-09-04T15:58:03.714Z,"Daytona Beach, Florida. Bethune-Cookman College. Dr. Mary McLeod Bethune, founder and former president and director of the NYA (National Youth Administration) Negro Relations",https://www.loc.gov/item/2017843211/,"Parks, Gordon, 1912-2006",photographer,Florida--Volusia County--Daytona Beach | Daytona Beach | United States | Florida | Volusia County,United States--Florida--Volusia County--Daytona Beach,United States | Daytona Beach | Volusia County | Florida,"United States | Daytona Beach, Volusia County, Florida, United States | Volusia County, Florida, United States | Florida, United States",https://www.openstreetmap.org/relation/148838 | https://www.openstreetmap.org/relation/117945 | https://www.openstreetmap.org/relation/389025 | https://www.openstreetmap.org/relation/162050,39.7837304 | 29.2108147 | 29.0533409 | 27.7567667,-100.445882 | -81.0228331 | -81.1310761 | -81.4639835,Unknown | Volusia County | Volusia County | Unknown,Unknown | Unknown | Unknown | Unknown,Unknown | Florida | Florida | Florida,United States | United States | United States | United States,,,
LOT 10632-3 [item] [P&P],Unknown,c1869.,1869,TRUE,Bicycles,,http://www.loc.gov/item/2004671461/,http://www.loc.gov/item/2004671461/manifest.json,https://tile.loc.gov/storage-services/service/pnp/ppmsca/05500/05585r.jpg#h=640&w=313 | https://tile.loc.gov/storage-services/service/pnp/ppmsca/05500/05585v.jpg#h=1024&w=501 | https://tile.loc.gov/storage-services/service/pnp/ppmsca/05500/05585t.gif#h=150&w=73 | https://tile.loc.gov/storage-services/service/pnp/ppmsca/05500/05585_150px.jpg#h=150&w=73 | https://tile.loc.gov/storage-services/service/pnp/ppmsca/05500/05585_150px.jpg,1,Still image,https://lccn.loc.gov/2004671461/mods,https://www.loc.gov/pictures/item/2004671461/marc/,https://lccn.loc.gov/2004671461/dc,https://lccn.loc.gov/2004671461/marcxml,No known restrictions on publication.,Patent medicine labels and advertisements (Library of Congress),English,2004671461,"1 print : lithograph, color.",image/jpg | image/gif | image/jpeg | image/tif,Copyright 1869 by T.P. Spencer & Co. | Title from item.,Image,"Photo, print, drawing",prints and photographs division | lot 10632 | catalog,"Library of Congress Prints and Photographs Division Washington, D.C. 20540 USA",2,LOT 10632-3 [item] [P&P],women | hair preparations | bicycles & tricycles | cosmetics | health & welfare | color | lithographs | advertisements | grooming,2021-08-28T13:06:03.274Z,"Velocipede hair oil - highly perfumed by T.P. Spencer & Co., New York",https://www.loc.gov/item/2004671461/,,,,Women--Health & welfare--1860-1870 | Hair preparations--1860-1870 | Bicycles & tricycles--1860-1870 | Grooming--1860-1870 | Cosmetics--1860-1870,,,,,,,,,,Print of a patent medicine advertisement showing a woman riding a bicycle.,,
G4114.T3A3 1868 .R8,"Glover, E. S. (Eli Sheldon), 1844-1920. | Chicago Lithographing Co. | Ruger, A.",,1868,TRUE,Maps-Of-Cities,,http://www.loc.gov/item/73693448/,http://www.loc.gov/item/73693448/manifest.json,https://tile.loc.gov/storage-services/service/gmd/gmd411/g4114/g4114t/pm003780.gif#h=150&w=187 | https://tile.loc.gov/storage-services/service/gmd/gmd411/g4114/g4114t/pm003780.gif | https://tile.loc.gov/image-services/iiif/service:gmd:gmd411:g4114:g4114t:pm003780/full/pct:12.5/0/default.jpg#h=764&w=950 | https://tile.loc.gov/image-services/iiif/service:gmd:gmd411:g4114:g4114t:pm003780/full/pct:25/0/default.jpg#h=1528&w=1900,1,Cartographic,https://lccn.loc.gov/73693448/mods,,https://lccn.loc.gov/73693448/dc,https://lccn.loc.gov/73693448/marcxml,"<p>The maps in the Map Collections materials were either published prior to  1922, produced by the United States government, or both (see catalogue  records that accompany each map for information regarding date of  publication and source). The Library of Congress is providing access to  these materials for educational and research purposes and is not aware of  any U.S. copyright protection (see Title 17 of the United States Code) or any  other restrictions in the Map Collection materials. </p> <p>Note that the written permission of the copyright owners and/or other rights  holders (such as publicity and/or privacy rights) is required for distribution,  reproduction, or other use of protected items beyond that allowed by fair use  or other statutory exemptions.  Responsibility for making an independent  legal assessment of an item and securing any necessary permissions  ultimately rests with persons desiring to use the item. </p> <p>Credit Line: Library of Congress, Geography and Map Division. </p>",,English,73693448,col. map 44 x 61 cm.,image/tiff | image/gif | image/jpeg | image/jp2,"Bird's-eye view. | LC Panoramic maps (2nd ed.), 378 | Vault | Perspective map not drawn to scale. | AACR2: 100; 651/1; 700/1; 710/2 | Includes ill. and index to points of interest. | Available also through the Library of Congress Web site as a raster image.",Image,Map,cities and towns | geography and map division | panoramic maps | american memory | catalog,"Library of Congress Geography and Map Division Washington, D.C. 20540-4650 USA dcu",1,G4114.T3A3 1868 .R8,tecumseh | united states | michigan | aerial views | tecumseh (mich.),2021-11-18T16:12:08.729Z,"Tecumseh, Lenawee Co., Michigan 1868.",https://www.loc.gov/item/73693448/,,,Tecumseh | Michigan | Tecumseh (Mich.) | United States,United States--Michigan--Tecumseh | Tecumseh (Mich.)--Aerial views,Tecumseh | United States | Michigan,"Tecumseh, Lenawee County, Michigan, 49286, United States | United States | Michigan, United States",https://www.openstreetmap.org/relation/135111 | https://www.openstreetmap.org/relation/148838 | https://www.openstreetmap.org/relation/165789,42.0039331 | 39.7837304 | 43.6211955,-83.9449417 | -100.445882 | -84.6824346,Lenawee County | Unknown | Unknown,Unknown | Unknown | Unknown,Michigan | Unknown | Michigan,United States | United States | United States,,,
LC-MA05- 3192 [P&P],"Margolies, John, photographer.",1985,1985,TRUE,John-Margolies-Roadside-America-Photograph-Archive,Slides--1980-1990.--Color,http://www.loc.gov/item/2017705303/,http://www.loc.gov/item/2017705303/manifest.json,https://tile.loc.gov/storage-services/service/pnp/mrg/03100/03192_150px.jpg#h=150&w=105 | https://tile.loc.gov/storage-services/service/pnp/mrg/03100/03192v.jpg#h=1024&w=714 | https://tile.loc.gov/storage-services/service/pnp/mrg/03100/03192r.jpg#h=640&w=446,1,Still image,https://lccn.loc.gov/2017705303/mods,https://www.loc.gov/pictures/item/2017705303/marc/,https://lccn.loc.gov/2017705303/dc,https://lccn.loc.gov/2017705303/marcxml,"No known restrictions on publication. For more information, see ""John Margolies Roadside America Photograph Archive - Rights and Restrictions Information"" https://www.loc.gov/rr/print/res/723_marg.html","Margolies, John John Margolies Roadside America photograph archive",English,2017705303,1 photograph : color transparency ; 35 mm (slide format).,image/jpg | image/gif | image/tif,"Credit line: John Margolies Roadside America photograph archive (1972-2008), Library of Congress, Prints and Photographs Division. | Purchase; John Margolies 2010 (DLC/PP-2010:191). | Forms part of: John Margolies Roadside America photograph archive (1972-2008). | Title, date and keywords based on information provided by the photographer. | General information about the John Margolies Roadside America photograph archive is available at http://hdl.loc.gov/loc.pnp/pp.mrg",Image,"Photo, print, drawing",prints and photographs division | catalog,"Library of Congress Prints and Photographs Division Washington, D.C. 20540 USA http://hdl.loc.gov/loc.pnp/pp.print",1,LC-MA05- 3192 [P&P],slides | riverside | united states | miniature golf | color | california,2022-02-26T13:54:11.781Z,"Haunted house, Castle Park Golf, Polk Street, Riverside, California",https://www.loc.gov/item/2017705303/,"Margolies, John",photographer,California--Riverside | Riverside | California | United States,Miniature golf--1980-1990 | United States--California--Riverside,United States | California | Riverside County,"United States | California, United States | Riverside County, CAL Fire Southern Region, California, United States",https://www.openstreetmap.org/relation/148838 | https://www.openstreetmap.org/relation/165475 | https://www.openstreetmap.org/relation/396495,39.7837304 | 36.7014631 | 33.7219991,-100.445882 | -118.755997 | -116.0372472,Unknown | Unknown | Riverside County,Unknown | Unknown | CAL Fire Southern Region,Unknown | California | California,United States | United States | United States,,,
LC-USF34- 062505-D [P&P] LOT 1448 (corresponding photographic print),"Vachon, John, 1914-1975, photographer.",1941 Mar.,1941,TRUE,Kitchens-And-Baths,Safety film negatives,http://www.loc.gov/item/2017811986/,http://www.loc.gov/item/2017811986/manifest.json,https://tile.loc.gov/storage-services/service/pnp/fsa/8c18000/8c18900/8c18989t.gif#h=112&w=150 | https://tile.loc.gov/storage-services/service/pnp/fsa/8c18000/8c18900/8c18989v.jpg#h=763&w=1024 | https://tile.loc.gov/storage-services/service/pnp/fsa/8c18000/8c18900/8c18989_150px.jpg#h=112&w=150 | https://tile.loc.gov/storage-services/service/pnp/fsa/8c18000/8c18900/8c18989r.jpg#h=477&w=640,1,Still image,https://lccn.loc.gov/2017811986/mods,//www.loc.gov/pictures/item/2017811986/marc/,https://lccn.loc.gov/2017811986/dc,https://lccn.loc.gov/2017811986/marcxml,"<p>The contents of the Library of Congress Farm Security Administration/Office of War Information Black-and-White Negatives are in the public domain and are free to use and reuse.</p>  <p> Credit Line: Library of Congress, Prints &amp; Photographs Division, Farm Security Administration/Office of War Information Black-and-White Negatives.</p>  <p>For information about reproducing, publishing, and citing material from this collection, as well as access to the original items, see: <a href=""https://www.loc.gov/rr/print/res/071_fsab.html"">U.S. Farm Security Administration/Office of War Information Black &amp; White Photographs - Rights and Restrictions Information</a>  </p>  <p>More about <a href=""/legal/"">Copyright and other Restrictions</a> </p>  <p>For guidance about compiling full citations consult <a href=""https://www.loc.gov/teachers/usingprimarysources/citing.html"">Citing Primary Sources</a>.</p> | No known restrictions. For information, see U.S. Farm Security Administration/Office of War Information Black & White Photographs https://www.loc.gov/rr/print/res/071_fsab.html",Farm Security Administration - Office of War Information Photograph Collection (Library of Congress),English,2017811986,1 negative : safety ; 3 1/4 x 4 1/4 inches or smaller.,image/jpg | image/gif | image/tif,"Film copy on SIS roll 9, frame 1878. | More information about the FSA/OWI Collection is available at http://hdl.loc.gov/loc.pnp/pp.fsaowi | Title and other information from caption card. | Temp. note: usf34batch7 | Transfer; United States. Office of War Information. Overseas Picture Division. Washington Division; 1944.",Image,"Photo, print, drawing",prints and photographs division | american memory | farm security administration/office of war information black-and-white negatives | lot 1448 | catalog,"Library of Congress Prints and Photographs Division Washington, D.C. 20540 USA http://hdl.loc.gov/loc.pnp/pp.print",1,LC-USF34- 062505-D [P&P] LOT 1448 (corresponding photographic print),safety film negatives | united states | virginia | norfolk,2021-09-04T15:34:30.531Z,"Bathroom in house which rents for sixteen dollars a month. Norfolk, Virginia",https://www.loc.gov/item/2017811986/,"Vachon, John, 1914-1975",photographer,Norfolk | Virginia--Norfolk | Virginia | United States,United States--Virginia--Norfolk,Norfolk | Norfolk | United States | Virginia,"Norfolk, England, United Kingdom | Norfolk, Virginia, United States | United States | Virginia, United States",https://www.openstreetmap.org/relation/57397 | https://www.openstreetmap.org/relation/206672 | https://www.openstreetmap.org/relation/148838 | https://www.openstreetmap.org/relation/224042,52.666667 | 36.8448348 | 39.7837304 | 37.1232245,1.0 | -76.2863999 | -100.445882 | -78.4927721,Norfolk | Unknown | Unknown | Unknown,Unknown | Unknown | Unknown | Unknown,England | Virginia | Unknown | Virginia,United Kingdom | United States | United States | United States,,,
"FP 2 - JPD, no. 1681 (B size) [P&P]","Katsushika, Hokusai, 1760-1849, artist.","[between 1826 and 1833, printed later]",1826,TRUE,Bridges,Woodcuts--Japanese--Color--1820-1840--Reproductions--1890-1940 | Ukiyo-e--Japanese--Color--1820-1840,http://www.loc.gov/item/2008660637/,http://www.loc.gov/item/2008660637/manifest.json,https://tile.loc.gov/storage-services/service/pnp/jpd/02000/02017t.gif#h=103&w=150 | https://tile.loc.gov/storage-services/service/pnp/jpd/02000/02017_150px.jpg#h=103&w=150 | https://tile.loc.gov/storage-services/service/pnp/jpd/02000/02017v.jpg#h=706&w=1024 | https://tile.loc.gov/storage-services/service/pnp/jpd/02000/02017r.jpg#h=441&w=640,1,Still image,https://lccn.loc.gov/2008660637/mods,https://www.loc.gov/pictures/item/2008660637/marc/,https://lccn.loc.gov/2008660637/dc,https://lccn.loc.gov/2008660637/marcxml,"<p>The Library of Congress does not&nbsp;own rights to material  in its collections. Therefore, it does not license or charge permission fees  for use of such material and cannot grant or deny permission to publish or  otherwise distribute the material. </p> <p>Ultimately, it is the researcher's obligation to assess copyright or other use restrictions and  obtain permission from third parties when necessary before publishing or  otherwise distributing materials found in the Library's collections. </p> <p>For information about reproducing,  publishing, and citing material from this collection, as well as access to the  original items, see: <a href=""//www.loc.gov/rr/print/res/371_japa.html"">Japanese Fine Prints and Drawings, pre-1915 - Rights and Restrictions Information</a> </p>    | No known restrictions on publication.",,English | Japanese,2008660637,"1 print : woodcut, color.",image/jpg | image/gif | image/tif,From the series: Fugaku sanjūrokkei : 36 views of Mount Fuji. | Forms part of: Japanese prints and drawings (Library of Congress). | Adachi modern reprint (Showa). | Format: horizontal Oban Nishikie. | Purchase; H. Irving Olds; 1938. | Forms part of: the H. Irving Olds collection. | Title and other descriptive information compiled by Nichibunken-sponsored Edo print specialists in 2005-06.,Image,"Photo, print, drawing","prints and photographs division | prints & photographs online catalog (library of congress) | fine prints: japanese, pre-1915 | catalog","Library of Congress Prints and Photographs Division Washington, D.C. 20540 USA http://hdl.loc.gov/loc.pnp/pp.print",1,"FP 2 - JPD, no. 1681 (B size) [P&P]","japanese | fuji, mount (japan) | boats | ukiyo-e | japan | rivers | woodcuts | bridges | reproductions | color",2023-02-18T13:31:44.566Z,Fukagawa mannenbashi shita,https://www.loc.gov/item/2008660637/,"Katsushika, Hokusai, 1760-1849",artist,"Mount | Fuji, Mount (Japan) | Fuji | Japan","Fuji, Mount (Japan) | Bridges--Japan--1820-1840 | Boats--Japan--1820-1840 | Rivers--Japan--1820-1840","Riley Black Standpipe, Mount | Japan | Mount Fuji","Riley Black Standpipe, Mount, Doña Ana County, New Mexico, United States | Japan | Mount Fuji, Oyama, Sunto County, Shizuoka Prefecture, Japan",https://www.openstreetmap.org/node/357611304 | https://www.openstreetmap.org/relation/382313 | https://www.openstreetmap.org/node/714354378,31.8127778 | 36.5748441 | 35.362799,-107.085 | 139.2394179 | 138.730781,Doña Ana County | Unknown | Sunto County,Unknown | Unknown | Unknown,New Mexico | Unknown | Unknown,United States | Japan | Japan,"Print shows pedestrians crossing a high-arched bridge spanning a river with a fisherman and a boat in the foreground, view of Mount Fuji in the background.","Beneath Mannen Bridge, Fukagawa.",
LC-D416-73293 [P&P],"Detroit Publishing Co., publisher. | Fuertes, Louis Agassiz, 1874-1927, artist.",[between 1912 and 1920],1912,TRUE,Birds,Paintings--Reproductions | Dry plate negatives,http://www.loc.gov/item/2016817484/,http://www.loc.gov/item/2016817484/manifest.json,https://tile.loc.gov/storage-services/service/pnp/det/4a20000/4a26000/4a26600/4a26643t.gif#h=150&w=108 | https://tile.loc.gov/storage-services/service/pnp/det/4a20000/4a26000/4a26600/4a26643v.jpg#h=1024&w=739 | https://tile.loc.gov/storage-services/service/pnp/det/4a20000/4a26000/4a26600/4a26643r.jpg#h=640&w=462 | https://tile.loc.gov/storage-services/service/pnp/det/4a20000/4a26000/4a26600/4a26643_150px.jpg#h=150&w=108,1,Still image,https://lccn.loc.gov/2016817484/mods,//www.loc.gov/pictures/item/2016817484/marc/,https://lccn.loc.gov/2016817484/dc,https://lccn.loc.gov/2016817484/marcxml,"No known restrictions on publication. | <p>The Library of Congress believes that many of the papers in the Detroit Publishing Company collection are in the public domain or have no known copyright restrictions and are free to use and reuse. For example, all photos published in the U.S. more than 95 years ago are in the public domain. The Library has also obtained permission for the use of many other materials, and presents additional materials pursuant to fair use under United States copyright law. Researchers should watch for documents that may be copyrighted (for example, published in the United States less than 95 years ago, or unpublished and the author died less than 70 years ago).</p>  <p> You are responsible for deciding whether your use of the items in this collection is legal. You will need written permission from the rightsholders to copy, distribute, or otherwise use copyrighted materials except as allowed by fair use or other statutory exemptions. Some materials may be protected under international law. You may also need permission from holders of other rights, such as publicity and/or privacy rights.</p>  <p>Credit Line: Library of Congress, Prints &amp; Photographs Division, Detroit Publishing Company Collection.<br>  For information about reproducing, publishing, and citing material from this collection, as well as access to the original items, see: <a href=""https://www.loc.gov/rr/print/res/102_det.html"">Detroit Publishing Company - Rights and Restrictions Information</a></p>  <p>More about <a href=""/legal/"">Copyright and other Restrictions</a> </p>  <p>For guidance about compiling full citations consult <a href=""https://www.loc.gov/teachers/usingprimarysources/citing.html"">Citing Primary Sources</a>.</p>",Detroit Publishing Company photograph collection (Library of Congress),English,2016817484,1 negative : glass ; 8 x 10 in.,image/jpg | image/gif | image/tif,"Photograph of a painting signed ""Louis Agassiz Fuertes, 1912."" | Detroit Publishing Co. no. 073293. | Gift; State Historical Society of Colorado; 1949.",Image,"Photo, print, drawing",detroit publishing company | prints and photographs division | catalog | american memory,"Library of Congress Prints and Photographs Division Washington, D.C. 20540 USA http://hdl.loc.gov/loc.pnp/pp.print",1,LC-D416-73293 [P&P],reproductions | turkeys | dry plate negatives | paintings,2021-09-04T14:07:26.431Z,Mexican wild turkey,https://www.loc.gov/item/2016817484/,"Fuertes, Louis Agassiz, 1874-1927 | Detroit Publishing Co.",artist | publisher,,Turkeys,,,,,,,,,,,,
LC-USF35-456 [P&P],"Delano, Jack, 1914-1997, photographer.",1941 Dec.,1939,TRUE,Main-Streets,Slides--Color,http://www.loc.gov/item/2017877870/,http://www.loc.gov/item/2017877870/manifest.json,https://tile.loc.gov/storage-services/service/pnp/fsac/1a33000/1a33900/1a33975r.jpg#h=452&w=640 | https://tile.loc.gov/storage-services/service/pnp/fsac/1a33000/1a33900/1a33975_150px.jpg#h=106&w=150 | https://tile.loc.gov/storage-services/service/pnp/fsac/1a33000/1a33900/1a33975t.gif#h=106&w=150 | https://tile.loc.gov/storage-services/service/pnp/fsac/1a33000/1a33900/1a33975v.jpg#h=723&w=1024,1,Still image,https://lccn.loc.gov/2017877870/mods,https://www.loc.gov/pictures/item/2017877870/marc/,https://lccn.loc.gov/2017877870/dc,https://lccn.loc.gov/2017877870/marcxml,"No known restrictions on publication. | <p>The contents of the Library of Congress Farm Security Administration/Office of War Information Color Photographs are in the public domain and are free to use and reuse.</p>  <p> Credit Line: Library of Congress, Prints &amp; Photographs Division, Farm Security Administration/Office of War Information Color Photographs.</p>  <p>For information about reproducing, publishing, and citing material from this collection, as well as access to the original items, see: <a href=""https://www.loc.gov/rr/print/res/072_fsac.html"">U.S. Farm Security Administration/Office of War Information Color Transparencies - Rights and Restrictions Information</a></p>  <p>More about <a href=""/legal/"">Copyright and other Restrictions</a> </p>  <p>For guidance about compiling full citations consult <a href=""https://www.loc.gov/teachers/usingprimarysources/citing.html"">Citing Primary Sources</a>.</p>",Farm Security Administration - Office of War Information color slides and transparencies collection (Library of Congress),English,2017877870,1 slide : color.,image/jpg | image/gif | image/tif,"Additional information about this photograph might be available through the Flickr Commons project at http://www.flickr.com/photos/library_of_congress/2178374441 | Transfer from U.S. Office of War Information, 1944. | Title from FSA or OWI agency caption. | 11671-26. | General information about the FSA/OWI Color Photographs is available at http://hdl.loc.gov/loc.pnp/pp.fsac",Image,"Photo, print, drawing",farm security administration/office of war information color photographs | prints & photographs online catalog (library of congress) | prints and photographs division | catalog,"Library of Congress Prints and Photographs Division Washington, D.C. 20540 USA http://hdl.loc.gov/loc.pnp/pp.print",1,LC-USF35-456 [P&P],slides | business districts | virgin islands of the united states | united states | christiansted | color | commercial streets,2023-03-04T13:32:40.426Z,"The main shopping street, Christiansted, Saint Croix, Virgin Islands",https://www.loc.gov/item/2017877870/,"Delano, Jack, 1914-1997",photographer,Virgin Islands Of The United States | Virgin Islands of the Christiansted | Christiansted | United States | Virgin Islands Of The Christiansted,Commercial streets | United States--Virgin Islands of the United States--Christiansted | Business districts,United States | United States Virgin Islands | Christiansted,"United States | United States Virgin Islands, United States | Christiansted, Saint Croix District, United States Virgin Islands, United States",https://www.openstreetmap.org/relation/148838 | https://www.openstreetmap.org/relation/286898 | https://www.openstreetmap.org/relation/255300,39.7837304 | 17.789187 | 17.7439481,-100.445882 | -64.7080574 | -64.7079823,Unknown | Unknown | Saint Croix District,Unknown | Unknown | Unknown,Unknown | United States Virgin Islands | United States Virgin Islands,United States | United States | United States,,,
LC-D4-18017 [P&P],"Detroit Publishing Co., copyright claimant, publisher.",[between 1900 and 1906],1900,TRUE,Fish-And-Fishing,Dry plate negatives,http://www.loc.gov/item/2016804519/,http://www.loc.gov/item/2016804519/manifest.json,https://tile.loc.gov/storage-services/service/pnp/det/4a10000/4a12000/4a12100/4a12198v.jpg#h=1024&w=827 | https://tile.loc.gov/storage-services/service/pnp/det/4a10000/4a12000/4a12100/4a12198_150px.jpg#h=150&w=121 | https://tile.loc.gov/storage-services/service/pnp/det/4a10000/4a12000/4a12100/4a12198t.gif#h=150&w=121 | https://tile.loc.gov/storage-services/service/pnp/det/4a10000/4a12000/4a12100/4a12198r.jpg#h=640&w=517,1,Still image,https://lccn.loc.gov/2016804519/mods,//www.loc.gov/pictures/item/2016804519/marc/,https://lccn.loc.gov/2016804519/dc,https://lccn.loc.gov/2016804519/marcxml,"No known restrictions on publication. | <p>The Library of Congress believes that many of the papers in the Detroit Publishing Company collection are in the public domain or have no known copyright restrictions and are free to use and reuse. For example, all photos published in the U.S. more than 95 years ago are in the public domain. The Library has also obtained permission for the use of many other materials, and presents additional materials pursuant to fair use under United States copyright law. Researchers should watch for documents that may be copyrighted (for example, published in the United States less than 95 years ago, or unpublished and the author died less than 70 years ago).</p>  <p> You are responsible for deciding whether your use of the items in this collection is legal. You will need written permission from the rightsholders to copy, distribute, or otherwise use copyrighted materials except as allowed by fair use or other statutory exemptions. Some materials may be protected under international law. You may also need permission from holders of other rights, such as publicity and/or privacy rights.</p>  <p>Credit Line: Library of Congress, Prints &amp; Photographs Division, Detroit Publishing Company Collection.<br>  For information about reproducing, publishing, and citing material from this collection, as well as access to the original items, see: <a href=""https://www.loc.gov/rr/print/res/102_det.html"">Detroit Publishing Company - Rights and Restrictions Information</a></p>  <p>More about <a href=""/legal/"">Copyright and other Restrictions</a> </p>  <p>For guidance about compiling full citations consult <a href=""https://www.loc.gov/teachers/usingprimarysources/citing.html"">Citing Primary Sources</a>.</p>",Detroit Publishing Company photograph collection (Library of Congress),English,2016804519,1 negative : glass ; 8 x 10 in.,image/jpg | image/gif | image/tif,"Date based on Detroit, Catalogue P (1906). | Detroit Publishing Co. no. 018017. | Gift; State Historical Society of Colorado; 1949. | ""3"" on negative.",Image,"Photo, print, drawing",detroit publishing company | prints and photographs division | catalog | american memory,"Library of Congress Prints and Photographs Division Washington, D.C. 20540 USA http://hdl.loc.gov/loc.pnp/pp.print",1,LC-D4-18017 [P&P],massachusetts | gloucester | united states | dry plate negatives | fishing nets,2021-09-04T13:24:48.635Z,A Cape Ann fisherman mending his nets,https://www.loc.gov/item/2016804519/,Detroit Publishing Co. | Detroit Publishing Co.,publisher | copyright claimant,Gloucester | Massachusetts--Gloucester | Massachusetts | United States,Fishing nets | United States--Massachusetts--Gloucester,Massachusetts | Gloucester | United States | Gloucester,"Massachusetts, United States | Gloucester, Gloucestershire, England, United Kingdom | United States | Gloucester, Essex County, Massachusetts, United States",https://www.openstreetmap.org/relation/61315 | https://www.openstreetmap.org/relation/181362 | https://www.openstreetmap.org/relation/148838 | https://www.openstreetmap.org/relation/2377876,42.3788774 | 51.8653705 | 39.7837304 | 42.6159286,-72.032366 | -2.2458192 | -100.445882 | -70.6619888,Unknown | Gloucestershire | Unknown | Essex County,Unknown | Unknown | Unknown | Unknown,Massachusetts | England | Unknown | Massachusetts,United States | United Kingdom | United States | United States,,,
"BIOG FILE - BEECHEY, LINCOLN [item] [P&P]",Unknown,1912 June 28.,1928,TRUE,Cars,,http://www.loc.gov/item/2003656135/,http://www.loc.gov/item/2003656135/manifest.json,https://tile.loc.gov/storage-services/service/pnp/cph/3b10000/3b18000/3b18600/3b18665_150px.jpg | https://tile.loc.gov/storage-services/service/pnp/cph/3b10000/3b18000/3b18600/3b18665t.gif#h=118&w=150 | https://tile.loc.gov/storage-services/service/pnp/cph/3b10000/3b18000/3b18600/3b18665_150px.jpg#h=118&w=150 | https://tile.loc.gov/storage-services/service/pnp/cph/3b10000/3b18000/3b18600/3b18665r.jpg#h=505&w=640,1,Still image,https://lccn.loc.gov/2003656135/mods,https://www.loc.gov/pictures/item/2003656135/marc/,https://lccn.loc.gov/2003656135/dc,https://lccn.loc.gov/2003656135/marcxml,No known restrictions on publication.,,English,2003656135,1 photographic print.,image/jpg | image/gif | image/jpeg | image/tif,"J157056 U.S. Copyright Office | This record contains unverified, old data from caption card. | Caption card tracings: Racing; Airplanes 1912; Automobiles 1912; BI; Transportation 1912; Shelf. Sources checked: Beechey, Lincoln: MUMS; www; Web; www in Am. Sports. Oldfield, Barney, 1878-1946 [Bernd E.]: MUMS - no dates; www; Web [dd]; www in Am. Sports.",Image,"Photo, print, drawing",prints and photographs division | catalog,"Library of Congress Prints and Photographs Division Washington, D.C. 20540 USA",1,"BIOG FILE - BEECHEY, LINCOLN [item] [P&P]",,2021-08-28T13:00:25.742Z,"[Race between Lincoln Beechey in airplane and Barney Oldfield in automobile, going around race track]",https://www.loc.gov/item/2003656135/,,,,,,,,,,,,,,,,
"G3823.A4G46 1851 .S5 | G3823.A4G46 1851 .S5 Copy 3 has neither label nor printed statement, but still has 1851 publication date (as do the other 2 copies). | G3823.A4G46 1851 .S5 Copy 2 has 1852 green oval copyright label affixed at head of title on NW sheet, whereas the printed District Court registration statement on SW sheet still has 1851.","McCrea, S. (Surveyor) | Friend & Aub. | Sidney & Neff. | Moody, S.",,1851,TRUE,Genealogy,Maps,http://www.loc.gov/item/2012592150/,http://www.loc.gov/item/2012592150/manifest.json,https://tile.loc.gov/storage-services/service/gmd/gmd382/g3823/g3823a/la000699.gif | https://tile.loc.gov/image-services/iiif/service:gmd:gmd382:g3823:g3823a:la000699/full/pct:12.5/0/default.jpg#h=1689&w=1698 | https://tile.loc.gov/image-services/iiif/service:gmd:gmd382:g3823:g3823a:la000699/full/pct:25/0/default.jpg#h=3379&w=3396 | https://tile.loc.gov/storage-services/service/gmd/gmd382/g3823/g3823a/la000699.gif#h=150&w=151,1,Cartographic,https://lccn.loc.gov/2012592150/mods,,https://lccn.loc.gov/2012592150/dc,https://lccn.loc.gov/2012592150/marcxml,"<p>The maps in the Map Collections materials were either published prior to  1922, produced by the United States government, or both (see catalogue  records that accompany each map for information regarding date of  publication and source). The Library of Congress is providing access to  these materials for educational and research purposes and is not aware of  any U.S. copyright protection (see Title 17 of the United States Code) or any  other restrictions in the Map Collection materials. </p> <p>Note that the written permission of the copyright owners and/or other rights  holders (such as publicity and/or privacy rights) is required for distribution,  reproduction, or other use of protected items beyond that allowed by fair use  or other statutory exemptions.  Responsibility for making an independent  legal assessment of an item and securing any necessary permissions  ultimately rests with persons desiring to use the item. </p> <p>Credit Line: Library of Congress, Geography and Map Division. </p>",,English,2012592150,"1 map on 4 sheets : hand col., cloth backing ; 107 x 114 cm., sheets 59 x 59 cm. and 59 x 61 cm.",image/tiff | image/gif | image/jpeg | image/jp2,"Relief shown by hachures. | Includes directory of post-offices and ill. of court house. | Shows buildings with landowners' names in rural areas; does not show property boundaries. | 3 copies | LC Land ownership maps, 699 | Hand col. to identify municipalities (townships, boroughs, cities). | LC copy imperfect: Brittle, shellacked, annotated in lead pencil on both sides, missing small sections of margin at sheet edges, stained at upper margin. | Printed in NW/NE/SW/SE segments (sheets). | ""Entered according to Act of Congress in the district court of the eastern district of Penn'a by Sidney & Neff 1851."" | Available also through the Library of Congress Web site as a raster image.",Image,Map,geography and map division | cultural landscapes | american memory | catalog | county landownership maps,"Library of Congress Geography and Map Division Washington, D.C. 20540-4650 USA dcu",1,G3823.A4G46 1851 .S5 G3823.A4G46 1851 .S5 Copy 2 G3823.A4G46 1851 .S5 Copy 3,landowners | maps | land tenure | united states | allegheny county | allegheny county (pa.) | administrative and political divisions | pennsylvania,2021-11-18T16:08:47.343Z,"Map of Allegheny County, Pennsylvania, with the names of property-holders : from actual surveys",https://www.loc.gov/item/2012592150/,,,Pennsylvania | Allegheny County | Allegheny County (Pa.) | Pennsylvania--Allegheny County | United States,United States--Pennsylvania--Allegheny County | Allegheny County (Pa.)--Administrative and political divisions--Maps | Landowners--Pennsylvania--Allegheny County--Maps | Land tenure--Pennsylvania--Allegheny County--Maps | Allegheny County (Pa.)--Maps,Pennsylvania | United States | Allegheny County,"Pennsylvania, United States | United States | Allegheny County, Pennsylvania, United States",https://www.openstreetmap.org/relation/162109 | https://www.openstreetmap.org/relation/148838 | https://www.openstreetmap.org/relation/2563472,40.9699889 | 39.7837304 | 40.4597204,-77.7278831 | -100.445882 | -79.9760405,Unknown | Unknown | Allegheny County,Unknown | Unknown | Unknown,Pennsylvania | Unknown | Pennsylvania,United States | United States | United States,,,
,,,,,,,,,,,,,,,,,,,,,,,,,,,,,,,,,,,,,,,,,,,,,,,,
,,,,,,,,,,,,,,,,,,,,,,,,,,,,,,,,,,,,,,,,,,,,,,,,
,,,,,,,,,,,,,,,,,,,,,,,,,,,,,,,,,,,,,,,,,,,,,,,,
,,,,,,,,,,,,,,,,,,,,,,,,,,,,,,,,,,,,,,,,,,,,,,,,
,,,,,,,,,,,,,,,,,,,,,,,,,,,,,,,,,,,,,,,,,,,,,,,,
,,,,,,,,,,,,,,,,,,,,,,,,,,,,,,,,,,,,,,,,,,,,,,,,
,,,,,,,,,,,,,,,,,,,,,,,,,,,,,,,,,,,,,,,,,,,,,,,,
,,,,,,,,,,,,,,,,,,,,,,,,,,,,,,,,,,,,,,,,,,,,,,,,
,,,,,,,,,,,,,,,,,,,,,,,,,,,,,,,,,,,,,,,,,,,,,,,,
,,,,,,,,,,,,,,,,,,,,,,,,,,,,,,,,,,,,,,,,,,,,,,,,
,,,,,,,,,,,,,,,,,,,,,,,,,,,,,,,,,,,,,,,,,,,,,,,,
,,,,,,,,,,,,,,,,,,,,,,,,,,,,,,,,,,,,,,,,,,,,,,,,
,,,,,,,,,,,,,,,,,,,,,,,,,,,,,,,,,,,,,,,,,,,,,,,,
,,,,,,,,,,,,,,,,,,,,,,,,,,,,,,,,,,,,,,,,,,,,,,,,
,,,,,,,,,,,,,,,,,,,,,,,,,,,,,,,,,,,,,,,,,,,,,,,,
,,,,,,,,,,,,,,,,,,,,,,,,,,,,,,,,,,,,,,,,,,,,,,,,
,,,,,,,,,,,,,,,,,,,,,,,,,,,,,,,,,,,,,,,,,,,,,,,,
,,,,,,,,,,,,,,,,,,,,,,,,,,,,,,,,,,,,,,,,,,,,,,,,
,,,,,,,,,,,,,,,,,,,,,,,,,,,,,,,,,,,,,,,,,,,,,,,,
,,,,,,,,,,,,,,,,,,,,,,,,,,,,,,,,,,,,,,,,,,,,,,,,
,,,,,,,,,,,,,,,,,,,,,,,,,,,,,,,,,,,,,,,,,,,,,,,,
,,,,,,,,,,,,,,,,,,,,,,,,,,,,,,,,,,,,,,,,,,,,,,,,
,,,,,,,,,,,,,,,,,,,,,,,,,,,,,,,,,,,,,,,,,,,,,,,,
,,,,,,,,,,,,,,,,,,,,,,,,,,,,,,,,,,,,,,,,,,,,,,,,
,,,,,,,,,,,,,,,,,,,,,,,,,,,,,,,,,,,,,,,,,,,,,,,,
,,,,,,,,,,,,,,,,,,,,,,,,,,,,,,,,,,,,,,,,,,,,,,,,
,,,,,,,,,,,,,,,,,,,,,,,,,,,,,,,,,,,,,,,,,,,,,,,,
,,,,,,,,,,,,,,,,,,,,,,,,,,,,,,,,,,,,,,,,,,,,,,,,
,,,,,,,,,,,,,,,,,,,,,,,,,,,,,,,,,,,,,,,,,,,,,,,,
,,,,,,,,,,,,,,,,,,,,,,,,,,,,,,,,,,,,,,,,,,,,,,,,
,,,,,,,,,,,,,,,,,,,,,,,,,,,,,,,,,,,,,,,,,,,,,,,,
,,,,,,,,,,,,,,,,,,,,,,,,,,,,,,,,,,,,,,,,,,,,,,,,
,,,,,,,,,,,,,,,,,,,,,,,,,,,,,,,,,,,,,,,,,,,,,,,,
,,,,,,,,,,,,,,,,,,,,,,,,,,,,,,,,,,,,,,,,,,,,,,,,
,,,,,,,,,,,,,,,,,,,,,,,,,,,,,,,,,,,,,,,,,,,,,,,,
,,,,,,,,,,,,,,,,,,,,,,,,,,,,,,,,,,,,,,,,,,,,,,,,
,,,,,,,,,,,,,,,,,,,,,,,,,,,,,,,,,,,,,,,,,,,,,,,,
,,,,,,,,,,,,,,,,,,,,,,,,,,,,,,,,,,,,,,,,,,,,,,,,
,,,,,,,,,,,,,,,,,,,,,,,,,,,,,,,,,,,,,,,,,,,,,,,,
,,,,,,,,,,,,,,,,,,,,,,,,,,,,,,,,,,,,,,,,,,,,,,,,
,,,,,,,,,,,,,,,,,,,,,,,,,,,,,,,,,,,,,,,,,,,,,,,,
,,,,,,,,,,,,,,,,,,,,,,,,,,,,,,,,,,,,,,,,,,,,,,,,
,,,,,,,,,,,,,,,,,,,,,,,,,,,,,,,,,,,,,,,,,,,,,,,,
,,,,,,,,,,,,,,,,,,,,,,,,,,,,,,,,,,,,,,,,,,,,,,,,
,,,,,,,,,,,,,,,,,,,,,,,,,,,,,,,,,,,,,,,,,,,,,,,,
,,,,,,,,,,,,,,,,,,,,,,,,,,,,,,,,,,,,,,,,,,,,,,,,
,,,,,,,,,,,,,,,,,,,,,,,,,,,,,,,,,,,,,,,,,,,,,,,,
,,,,,,,,,,,,,,,,,,,,,,,,,,,,,,,,,,,,,,,,,,,,,,,,
,,,,,,,,,,,,,,,,,,,,,,,,,,,,,,,,,,,,,,,,,,,,,,,,
,,,,,,,,,,,,,,,,,,,,,,,,,,,,,,,,,,,,,,,,,,,,,,,,
,,,,,,,,,,,,,,,,,,,,,,,,,,,,,,,,,,,,,,,,,,,,,,,,
,,,,,,,,,,,,,,,,,,,,,,,,,,,,,,,,,,,,,,,,,,,,,,,,
,,,,,,,,,,,,,,,,,,,,,,,,,,,,,,,,,,,,,,,,,,,,,,,,
,,,,,,,,,,,,,,,,,,,,,,,,,,,,,,,,,,,,,,,,,,,,,,,,
,,,,,,,,,,,,,,,,,,,,,,,,,,,,,,,,,,,,,,,,,,,,,,,,
,,,,,,,,,,,,,,,,,,,,,,,,,,,,,,,,,,,,,,,,,,,,,,,,
,,,,,,,,,,,,,,,,,,,,,,,,,,,,,,,,,,,,,,,,,,,,,,,,
,,,,,,,,,,,,,,,,,,,,,,,,,,,,,,,,,,,,,,,,,,,,,,,,
,,,,,,,,,,,,,,,,,,,,,,,,,,,,,,,,,,,,,,,,,,,,,,,,
,,,,,,,,,,,,,,,,,,,,,,,,,,,,,,,,,,,,,,,,,,,,,,,,
,,,,,,,,,,,,,,,,,,,,,,,,,,,,,,,,,,,,,,,,,,,,,,,,
,,,,,,,,,,,,,,,,,,,,,,,,,,,,,,,,,,,,,,,,,,,,,,,,
,,,,,,,,,,,,,,,,,,,,,,,,,,,,,,,,,,,,,,,,,,,,,,,,
,,,,,,,,,,,,,,,,,,,,,,,,,,,,,,,,,,,,,,,,,,,,,,,,
,,,,,,,,,,,,,,,,,,,,,,,,,,,,,,,,,,,,,,,,,,,,,,,,
,,,,,,,,,,,,,,,,,,,,,,,,,,,,,,,,,,,,,,,,,,,,,,,,
,,,,,,,,,,,,,,,,,,,,,,,,,,,,,,,,,,,,,,,,,,,,,,,,
,,,,,,,,,,,,,,,,,,,,,,,,,,,,,,,,,,,,,,,,,,,,,,,,
,,,,,,,,,,,,,,,,,,,,,,,,,,,,,,,,,,,,,,,,,,,,,,,,
,,,,,,,,,,,,,,,,,,,,,,,,,,,,,,,,,,,,,,,,,,,,,,,,
,,,,,,,,,,,,,,,,,,,,,,,,,,,,,,,,,,,,,,,,,,,,,,,,
,,,,,,,,,,,,,,,,,,,,,,,,,,,,,,,,,,,,,,,,,,,,,,,,
,,,,,,,,,,,,,,,,,,,,,,,,,,,,,,,,,,,,,,,,,,,,,,,,
,,,,,,,,,,,,,,,,,,,,,,,,,,,,,,,,,,,,,,,,,,,,,,,,
,,,,,,,,,,,,,,,,,,,,,,,,,,,,,,,,,,,,,,,,,,,,,,,,
,,,,,,,,,,,,,,,,,,,,,,,,,,,,,,,,,,,,,,,,,,,,,,,,
,,,,,,,,,,,,,,,,,,,,,,,,,,,,,,,,,,,,,,,,,,,,,,,,
